patch,mesh,nearest_patch,nearest_mesh,same_mesh,token_cos,geometry_dist,normal_var,linearity,planarity,surface_var
0,shapenet/02691156/5cd14216765393f18b96ae1a0a8b84ec,26,shapenet/04379243/a96c429fad0af4c6bd1cdc725a461877,0,0.9626427888870239,1.7544341087341309,0.48784494400024414,0.4476735293865204,0.45891937613487244,0.10487455874681473
1,shapenet/02691156/5cd14216765393f18b96ae1a0a8b84ec,17,shapenet/02691156/29b92db18649b64e959a8a7d5a8a5077,0,0.9258859157562256,1.4165502786636353,0.08736605197191238,0.6819247603416443,0.3109193444252014,0.0907830148935318
2,shapenet/02691156/5cd14216765393f18b96ae1a0a8b84ec,5,shapenet/04379243/862cf2d35bd106c55230ba3c88b645e3,0,0.8842868804931641,2.752063751220703,0.17425183951854706,0.3157508671283722,0.3488072454929352,0.04901939630508423
3,shapenet/02691156/5cd14216765393f18b96ae1a0a8b84ec,4,shapenet/04379243/862cf2d35bd106c55230ba3c88b645e3,0,0.6718811988830566,1.2403693199157715,0.42951005697250366,0.31155893206596375,0.07691232860088348,0.13700899481773376
4,shapenet/04379243/862cf2d35bd106c55230ba3c88b645e3,7,shapenet/04379243/862cf2d35bd106c55230ba3c88b645e3,1,0.6990138292312622,1.5977917909622192,0.6083249449729919,0.47942641377449036,0.07103433459997177,0.13616450130939484
5,shapenet/04379243/862cf2d35bd106c55230ba3c88b645e3,2,shapenet/02691156/5cd14216765393f18b96ae1a0a8b84ec,0,0.8842868804931641,2.752063751220703,0.5618235468864441,0.2775493860244751,0.47029951214790344,0.11979744583368301
6,shapenet/04379243/862cf2d35bd106c55230ba3c88b645e3,99,shapenet/02691156/5e9129782c45b26992e39b8eae3e6b15,0,0.8459959030151367,1.3410298824310303,0.624405026435852,0.30422091484069824,0.24997325241565704,0.11867335438728333
7,shapenet/04379243/862cf2d35bd106c55230ba3c88b645e3,51,shapenet/04379243/9fc9605f6ed5762553cc33364504d5,0,0.7949409484863281,1.4508490562438965,0.4260295629501343,0.7521328926086426,0.12525694072246552,0.1305290162563324
8,shapenet/04330267/60727797b710f68659a84e2e2b7fb62,24,shapenet/04379243/a96c429fad0af4c6bd1cdc725a461877,0,0.7886450886726379,2.67246413230896,0.4045807421207428,0.573369026184082,0.16140854358673096,0.04060078039765358
9,shapenet/04330267/60727797b710f68659a84e2e2b7fb62,112,shapenet/04256520/2314a3400230f50d14038d588fd1342f,0,0.9038965106010437,2.377732038497925,0.454235315322876,0.12129217386245728,0.6591647863388062,0.05408735200762749
10,shapenet/04330267/60727797b710f68659a84e2e2b7fb62,47,shapenet/04401088/a3c1c9fc390b1bbbb099170e6f5a4af9,0,0.9382570385932922,3.221409320831299,0.37230366468429565,0.513038158416748,0.17845594882965088,0.03652295097708702
11,shapenet/04330267/60727797b710f68659a84e2e2b7fb62,64,shapenet/04256520/c8962afab63de682a9ed6dce8b2a37bc,0,0.8762725591659546,0.9324899911880493,0.3446877598762512,0.3876510262489319,0.4089828431606293,0.0548568069934845
12,shapenet/02691156/577ef32f6c313a5e4ca16f43c2716caf,30,shapenet/02691156/f50eba69a3be1a1e536cfc00d8c31ac5,0,0.9238095879554749,3.2143726348876953,0.3581539988517761,0.4625648856163025,0.5084776282310486,0.17567607760429382
13,shapenet/02691156/577ef32f6c313a5e4ca16f43c2716caf,24,shapenet/04379243/a96c429fad0af4c6bd1cdc725a461877,0,0.858445405960083,2.1251349449157715,0.3966867923736572,0.36697661876678467,0.607636570930481,0.16003811359405518
14,shapenet/02691156/577ef32f6c313a5e4ca16f43c2716caf,31,shapenet/02691156/f50eba69a3be1a1e536cfc00d8c31ac5,0,0.7145117521286011,1.26206636428833,0.43865346908569336,0.12169130146503448,0.43855664134025574,0.1295699179172516
15,shapenet/02691156/577ef32f6c313a5e4ca16f43c2716caf,54,shapenet/04379243/8e3bfa092e83c28d55f46d55537192b6,0,0.8797147274017334,3.0595192909240723,0.5117818117141724,0.7162716388702393,0.2597239017486572,0.1601538211107254
16,shapenet/02691156/29b92db18649b64e959a8a7d5a8a5077,18,shapenet/02691156/29b92db18649b64e959a8a7d5a8a5077,1,0.7566691040992737,1.982426643371582,0.40283268690109253,0.39946576952934265,0.25208598375320435,0.027291029691696167
17,shapenet/02691156/29b92db18649b64e959a8a7d5a8a5077,39,shapenet/02691156/b7b657d7db3c3b8cd13ef00338ba8c52,0,0.970517635345459,1.0641982555389404,0.053098488599061966,0.9149214625358582,0.08145005255937576,0.09712818264961243
18,shapenet/02691156/29b92db18649b64e959a8a7d5a8a5077,97,shapenet/02691156/5e9129782c45b26992e39b8eae3e6b15,0,0.8898150324821472,0.7915077209472656,0.3862803280353546,0.21950100362300873,0.126357764005661,0.10233508050441742
19,shapenet/02691156/29b92db18649b64e959a8a7d5a8a5077,97,shapenet/02691156/5e9129782c45b26992e39b8eae3e6b15,0,0.8923810124397278,1.1614047288894653,0.4484300911426544,0.4144573509693146,0.06819836795330048,0.14022982120513916
20,shapenet/03642806/241ec8a746dd1cfc78f71a335ebabfa5,22,shapenet/03642806/241ec8a746dd1cfc78f71a335ebabfa5,1,0.9086548089981079,2.5272998809814453,0.041653405874967575,0.4906015396118164,0.502348780632019,0.09199361503124237
21,shapenet/03642806/241ec8a746dd1cfc78f71a335ebabfa5,107,shapenet/04330267/54b9ac27f2bae92627a11dcb35000f7a,0,0.9598393440246582,0.5190423727035522,0.33831140398979187,0.281074583530426,0.64992755651474,0.12885303795337677
22,shapenet/03642806/241ec8a746dd1cfc78f71a335ebabfa5,20,shapenet/03642806/241ec8a746dd1cfc78f71a335ebabfa5,1,0.9086548089981079,2.5272998809814453,0.043477509170770645,0.07062052190303802,0.9198206663131714,0.09036348760128021
23,shapenet/03642806/241ec8a746dd1cfc78f71a335ebabfa5,26,shapenet/04379243/a96c429fad0af4c6bd1cdc725a461877,0,0.8747778534889221,1.3308478593826294,0.3437269330024719,0.3303033113479614,0.572451114654541,0.15300509333610535
24,shapenet/04379243/a96c429fad0af4c6bd1cdc725a461877,13,shapenet/02691156/577ef32f6c313a5e4ca16f43c2716caf,0,0.858445405960083,2.1251349449157715,0.5408768057823181,0.6247835159301758,0.21920813620090485,0.15040169656276703
25,shapenet/04379243/a96c429fad0af4c6bd1cdc725a461877,77,shapenet/04379243/66a3fb3a480c2b9e7b22e9efea2f565,0,0.9700707793235779,2.2599830627441406,0.18754756450653076,0.3208927810192108,0.650336742401123,0.1327752023935318
26,shapenet/04379243/a96c429fad0af4c6bd1cdc725a461877,0,shapenet/02691156/5cd14216765393f18b96ae1a0a8b84ec,0,0.9626427888870239,1.7544341087341309,0.2236580103635788,0.5459888577461243,0.4290103614330292,0.14175239205360413
27,shapenet/04379243/a96c429fad0af4c6bd1cdc725a461877,49,shapenet/04379243/9fc9605f6ed5762553cc33364504d5,0,0.9971249103546143,0.9780834317207336,0.06779549270868301,0.0659242495894432,0.9208390116691589,0.11509041488170624
28,shapenet/02691156/f50eba69a3be1a1e536cfc00d8c31ac5,118,shapenet/04379243/a4cd409ceb0aa148d93cf5f5bfd78ab4,0,0.8291060328483582,2.7722713947296143,0.4824317693710327,0.6424228549003601,0.26434311270713806,0.06468662619590759
29,shapenet/02691156/f50eba69a3be1a1e536cfc00d8c31ac5,24,shapenet/04379243/a96c429fad0af4c6bd1cdc725a461877,0,0.8505929708480835,3.7325119972229004,0.29710397124290466,0.3363441228866577,0.562078058719635,0.024452313780784607
30,shapenet/02691156/f50eba69a3be1a1e536cfc00d8c31ac5,87,shapenet/02691156/ea06bef342fbfd4236f3a2343a8221f2,0,0.9483960866928101,2.2051100730895996,0.37392109632492065,0.06657891720533371,0.8463147282600403,0.0759824588894844
31,shapenet/02691156/f50eba69a3be1a1e536cfc00d8c31ac5,2,shapenet/02691156/5cd14216765393f18b96ae1a0a8b84ec,0,0.7724905610084534,2.5298123359680176,0.49411171674728394,0.04318368807435036,0.5954400897026062,0.08711869269609451
32,shapenet/04401088/a1c60f087535c7726fde3adc6768fe52,34,shapenet/04401088/a1c60f087535c7726fde3adc6768fe52,1,0.8973960876464844,1.5729882717132568,0.43982160091400146,0.48600271344184875,0.2639469504356384,0.03616827726364136
33,shapenet/04401088/a1c60f087535c7726fde3adc6768fe52,70,shapenet/04401088/9f56c8a7cb64f4c36c87ee6c360661c8,0,0.9864931106567383,1.3073468208312988,0.20766976475715637,0.11206672340631485,0.5100687742233276,0.01347627304494381
34,shapenet/04401088/a1c60f087535c7726fde3adc6768fe52,32,shapenet/04401088/a1c60f087535c7726fde3adc6768fe52,1,0.8973960876464844,1.5729882717132568,0.18090638518333435,0.3952791392803192,0.2760400176048279,0.014537684619426727
35,shapenet/04401088/a1c60f087535c7726fde3adc6768fe52,94,shapenet/04379243/eafa1680912b4ee3391e4d6c585a697a,0,0.9382721185684204,2.6537091732025146,0.386028528213501,0.6075673699378967,0.1422300785779953,0.020223654806613922
36,shapenet/02691156/b7b657d7db3c3b8cd13ef00338ba8c52,19,shapenet/02691156/29b92db18649b64e959a8a7d5a8a5077,0,0.8898065090179443,1.1641325950622559,0.5725421905517578,0.5622465014457703,0.2319086194038391,0.13739292323589325
37,shapenet/02691156/b7b657d7db3c3b8cd13ef00338ba8c52,64,shapenet/04256520/c8962afab63de682a9ed6dce8b2a37bc,0,0.9630141258239746,1.389062762260437,0.41598594188690186,0.5086029171943665,0.21766749024391174,0.06378932297229767
38,shapenet/02691156/b7b657d7db3c3b8cd13ef00338ba8c52,19,shapenet/02691156/29b92db18649b64e959a8a7d5a8a5077,0,0.5958627462387085,1.2644011974334717,0.46432286500930786,0.1829022765159607,0.2412933111190796,0.1322827935218811
39,shapenet/02691156/b7b657d7db3c3b8cd13ef00338ba8c52,17,shapenet/02691156/29b92db18649b64e959a8a7d5a8a5077,0,0.970517635345459,1.0641982555389404,0.07818759232759476,0.9237779378890991,0.07473679631948471,0.051608387380838394
40,shapenet/04379243/e94dcd39a8e438851b17743c18fb63dc,41,shapenet/04379243/e94dcd39a8e438851b17743c18fb63dc,1,0.9981892704963684,0.5849337577819824,0.07843143492937088,0.14509743452072144,0.8390573859214783,0.12205816060304642
41,shapenet/04379243/e94dcd39a8e438851b17743c18fb63dc,40,shapenet/04379243/e94dcd39a8e438851b17743c18fb63dc,1,0.9981892704963684,0.5849337577819824,0.049721501767635345,0.08142372220754623,0.9064520001411438,0.10472307354211807
42,shapenet/04379243/e94dcd39a8e438851b17743c18fb63dc,52,shapenet/04379243/8e3bfa092e83c28d55f46d55537192b6,0,0.9285906553268433,2.2890799045562744,0.002209997735917568,0.12371057271957397,0.5935962200164795,0.0018018173286691308
43,shapenet/04379243/e94dcd39a8e438851b17743c18fb63dc,59,shapenet/04256520/79b544db8d95c3dbc1a25f36f85c3fd6,0,0.7069882154464722,2.3379666805267334,0.5690663456916809,0.5127996206283569,0.19351431727409363,0.125429168343544
44,shapenet/04401088/a3c1c9fc390b1bbbb099170e6f5a4af9,68,shapenet/04401088/9f56c8a7cb64f4c36c87ee6c360661c8,0,0.9426314830780029,1.5258241891860962,0.22051385045051575,0.18073706328868866,0.7350989580154419,0.08336282521486282
45,shapenet/04401088/a3c1c9fc390b1bbbb099170e6f5a4af9,70,shapenet/04401088/9f56c8a7cb64f4c36c87ee6c360661c8,0,0.9671453237533569,0.8613680601119995,0.13966132700443268,0.11687134206295013,0.7214633226394653,0.04894048720598221
46,shapenet/04401088/a3c1c9fc390b1bbbb099170e6f5a4af9,32,shapenet/04401088/a1c60f087535c7726fde3adc6768fe52,0,0.8491433262825012,2.154940605163574,0.1342024803161621,0.42624586820602417,0.4681514501571655,0.07955370843410492
47,shapenet/04401088/a3c1c9fc390b1bbbb099170e6f5a4af9,70,shapenet/04401088/9f56c8a7cb64f4c36c87ee6c360661c8,0,0.9788452982902527,0.5791833996772766,0.12296953797340393,0.09120787680149078,0.7234193086624146,0.03361664339900017
48,shapenet/04379243/9fc9605f6ed5762553cc33364504d5,65,shapenet/04256520/c8962afab63de682a9ed6dce8b2a37bc,0,0.8998066782951355,2.1145076751708984,0.20774787664413452,0.5430912375450134,0.40956294536590576,0.08131998777389526
49,shapenet/04379243/9fc9605f6ed5762553cc33364504d5,78,shapenet/04379243/66a3fb3a480c2b9e7b22e9efea2f565,0,0.9988473653793335,0.5211321711540222,0.11666914075613022,0.1489318609237671,0.829657256603241,0.08139496296644211
50,shapenet/04379243/9fc9605f6ed5762553cc33364504d5,35,shapenet/04401088/a1c60f087535c7726fde3adc6768fe52,0,0.76165771484375,2.731632947921753,0.5700759291648865,0.29608994722366333,0.5393665432929993,0.07939422875642776
51,shapenet/04379243/9fc9605f6ed5762553cc33364504d5,7,shapenet/04379243/862cf2d35bd106c55230ba3c88b645e3,0,0.7949409484863281,1.4508490562438965,0.31580689549446106,0.5696094036102295,0.13269145786762238,0.08576962351799011
52,shapenet/04379243/8e3bfa092e83c28d55f46d55537192b6,42,shapenet/04379243/e94dcd39a8e438851b17743c18fb63dc,0,0.9285906553268433,2.2890799045562744,0.2589988708496094,0.35353562235832214,0.39738139510154724,0.05524035543203354
53,shapenet/04379243/8e3bfa092e83c28d55f46d55537192b6,74,shapenet/02691156/ee30cf94a209a45b91d43bb96e1bb0b1,0,0.9314026236534119,2.146500587463379,0.20004062354564667,0.5620049834251404,0.2793346345424652,0.05958973616361618
54,shapenet/04379243/8e3bfa092e83c28d55f46d55537192b6,15,shapenet/02691156/577ef32f6c313a5e4ca16f43c2716caf,0,0.8797147274017334,3.0595192909240723,0.22520221769809723,0.6657324433326721,0.187860906124115,0.04834756255149841
55,shapenet/04379243/8e3bfa092e83c28d55f46d55537192b6,111,shapenet/02691156/1b90541c9d95d65d2b48e2e94b50fd01,0,0.9301230311393738,3.9835455417633057,0.009034634567797184,0.02853318676352501,0.8014429211616516,0.003688475349918008
56,shapenet/04256520/79b544db8d95c3dbc1a25f36f85c3fd6,82,shapenet/02871439/1d3014ad5c35944f9af68b4b3261e1f8,0,0.9102702140808105,0.9785173535346985,0.32114532589912415,0.17406687140464783,0.5288622975349426,0.08159871399402618
57,shapenet/04256520/79b544db8d95c3dbc1a25f36f85c3fd6,64,shapenet/04256520/c8962afab63de682a9ed6dce8b2a37bc,0,0.8866254091262817,1.70822274684906,0.4351150393486023,0.5565529465675354,0.15603943169116974,0.06960450857877731
58,shapenet/04256520/79b544db8d95c3dbc1a25f36f85c3fd6,112,shapenet/04256520/2314a3400230f50d14038d588fd1342f,0,0.8331760764122009,1.8286678791046143,0.5416832566261292,0.5208129286766052,0.23017902672290802,0.09816667437553406
59,shapenet/04256520/79b544db8d95c3dbc1a25f36f85c3fd6,117,shapenet/04379243/a4cd409ceb0aa148d93cf5f5bfd78ab4,0,0.8383020162582397,2.0061817169189453,0.49487364292144775,0.10095791518688202,0.31778109073638916,0.06919874995946884
60,shapenet/04379243/1c2fb38795e6e3c858df8eeaf3dad1c,103,shapenet/04379243/2f5d2dfc1c8b75666c8f2acb6194d7e9,0,0.8736475110054016,1.7703384160995483,0.521690845489502,0.48292288184165955,0.3661115765571594,0.14971324801445007
61,shapenet/04379243/1c2fb38795e6e3c858df8eeaf3dad1c,67,shapenet/04256520/c8962afab63de682a9ed6dce8b2a37bc,0,0.9736184477806091,2.6860744953155518,0.5448246598243713,0.20300011336803436,0.5660365223884583,0.13127857446670532
62,shapenet/04379243/1c2fb38795e6e3c858df8eeaf3dad1c,104,shapenet/04330267/54b9ac27f2bae92627a11dcb35000f7a,0,0.9817655086517334,4.079121112823486,0.38621413707733154,0.08453391492366791,0.8216801881790161,0.1577969640493393
63,shapenet/04379243/1c2fb38795e6e3c858df8eeaf3dad1c,76,shapenet/04379243/66a3fb3a480c2b9e7b22e9efea2f565,0,0.8636051416397095,2.4815142154693604,0.43503105640411377,0.2445617914199829,0.6087632775306702,0.15161125361919403
64,shapenet/04256520/c8962afab63de682a9ed6dce8b2a37bc,65,shapenet/04256520/c8962afab63de682a9ed6dce8b2a37bc,1,0.9889593720436096,2.4484376907348633,0.4929654896259308,0.32859620451927185,0.43906980752944946,0.04050242528319359
65,shapenet/04256520/c8962afab63de682a9ed6dce8b2a37bc,64,shapenet/04256520/c8962afab63de682a9ed6dce8b2a37bc,1,0.9889593720436096,2.4484376907348633,0.33017849922180176,0.707149088382721,0.07090413570404053,0.02726607955992222
66,shapenet/04256520/c8962afab63de682a9ed6dce8b2a37bc,56,shapenet/04256520/79b544db8d95c3dbc1a25f36f85c3fd6,0,0.8701298832893372,1.6649973392486572,0.5404120683670044,0.07377105951309204,0.5961242914199829,0.037939947098493576
67,shapenet/04256520/c8962afab63de682a9ed6dce8b2a37bc,61,shapenet/04379243/1c2fb38795e6e3c858df8eeaf3dad1c,0,0.9736184477806091,2.6860744953155518,0.28816118836402893,0.21161410212516785,0.4101943075656891,0.036803729832172394
68,shapenet/04401088/9f56c8a7cb64f4c36c87ee6c360661c8,69,shapenet/04401088/9f56c8a7cb64f4c36c87ee6c360661c8,1,0.983422040939331,1.6663472652435303,0.0831914097070694,0.33428457379341125,0.5120218396186829,0.05426814407110214
69,shapenet/04401088/9f56c8a7cb64f4c36c87ee6c360661c8,68,shapenet/04401088/9f56c8a7cb64f4c36c87ee6c360661c8,1,0.983422040939331,1.6663472652435303,0.10082298517227173,0.062492918223142624,0.748111367225647,0.027622168883681297
70,shapenet/04401088/9f56c8a7cb64f4c36c87ee6c360661c8,33,shapenet/04401088/a1c60f087535c7726fde3adc6768fe52,0,0.9864931106567383,1.3073468208312988,0.03418261930346489,0.03823191300034523,0.6974209547042847,0.026553131639957428
71,shapenet/04401088/9f56c8a7cb64f4c36c87ee6c360661c8,69,shapenet/04401088/9f56c8a7cb64f4c36c87ee6c360661c8,1,0.9766111373901367,1.2292457818984985,0.026985330507159233,0.24658244848251343,0.5482185482978821,0.03165672346949577
72,shapenet/02691156/ee30cf94a209a45b91d43bb96e1bb0b1,84,shapenet/02691156/ea06bef342fbfd4236f3a2343a8221f2,0,0.9321752786636353,3.9745872020721436,0.38974234461784363,0.17026402056217194,0.5752314329147339,0.005960187874734402
73,shapenet/02691156/ee30cf94a209a45b91d43bb96e1bb0b1,12,shapenet/02691156/577ef32f6c313a5e4ca16f43c2716caf,0,0.8760364055633545,2.898282289505005,0.0594625324010849,0.506844699382782,0.4767412841320038,0.07343114167451859
74,shapenet/02691156/ee30cf94a209a45b91d43bb96e1bb0b1,53,shapenet/04379243/8e3bfa092e83c28d55f46d55537192b6,0,0.9314026236534119,2.146500587463379,0.5078710913658142,0.6106213331222534,0.06461819261312485,0.019040700048208237
75,shapenet/02691156/ee30cf94a209a45b91d43bb96e1bb0b1,54,shapenet/04379243/8e3bfa092e83c28d55f46d55537192b6,0,0.6591225266456604,1.7908908128738403,0.49212539196014404,0.5592110753059387,0.058324381709098816,0.017337707802653313
76,shapenet/04379243/66a3fb3a480c2b9e7b22e9efea2f565,88,shapenet/04379243/4eb3c0cffaf389fac3bd24f986301745,0,0.9199938774108887,2.2251791954040527,0.40976622700691223,0.493498295545578,0.3895074129104614,0.06400890648365021
77,shapenet/04379243/66a3fb3a480c2b9e7b22e9efea2f565,25,shapenet/04379243/a96c429fad0af4c6bd1cdc725a461877,0,0.9700707793235779,2.2599830627441406,0.018568245694041252,0.49465903639793396,0.5016694068908691,0.05471917614340782
78,shapenet/04379243/66a3fb3a480c2b9e7b22e9efea2f565,49,shapenet/04379243/9fc9605f6ed5762553cc33364504d5,0,0.9988473653793335,0.5211321711540222,0.057771049439907074,0.18490095436573029,0.8075616955757141,0.0657401904463768
79,shapenet/04379243/66a3fb3a480c2b9e7b22e9efea2f565,93,shapenet/04379243/eafa1680912b4ee3391e4d6c585a697a,0,0.9562405943870544,2.2030811309814453,0.3358071446418762,0.2376430183649063,0.6554955244064331,0.05907178297638893
80,shapenet/02871439/1d3014ad5c35944f9af68b4b3261e1f8,81,shapenet/02871439/1d3014ad5c35944f9af68b4b3261e1f8,1,0.992161750793457,0.6895538568496704,0.49102160334587097,0.5832157731056213,0.2443549484014511,0.08950073271989822
81,shapenet/02871439/1d3014ad5c35944f9af68b4b3261e1f8,80,shapenet/02871439/1d3014ad5c35944f9af68b4b3261e1f8,1,0.992161750793457,0.6895538568496704,0.5025144219398499,0.7152787446975708,0.16973702609539032,0.08146091550588608
82,shapenet/02871439/1d3014ad5c35944f9af68b4b3261e1f8,47,shapenet/04401088/a3c1c9fc390b1bbbb099170e6f5a4af9,0,0.9739503264427185,1.5053470134735107,0.36822310090065,0.08146040141582489,0.7016441226005554,0.06123976781964302
83,shapenet/02871439/1d3014ad5c35944f9af68b4b3261e1f8,26,shapenet/04379243/a96c429fad0af4c6bd1cdc725a461877,0,0.832392692565918,2.5702755451202393,0.5619298815727234,0.5623297095298767,0.10594284534454346,0.09165729582309723
84,shapenet/02691156/ea06bef342fbfd4236f3a2343a8221f2,72,shapenet/02691156/ee30cf94a209a45b91d43bb96e1bb0b1,0,0.9321752786636353,3.9745872020721436,0.4539605677127838,0.5300800800323486,0.33298322558403015,0.15643151104450226
85,shapenet/02691156/ea06bef342fbfd4236f3a2343a8221f2,86,shapenet/02691156/ea06bef342fbfd4236f3a2343a8221f2,1,0.8077189922332764,1.1819028854370117,0.4154302477836609,0.14476172626018524,0.5557348728179932,0.12168296426534653
86,shapenet/02691156/ea06bef342fbfd4236f3a2343a8221f2,85,shapenet/02691156/ea06bef342fbfd4236f3a2343a8221f2,1,0.8077189922332764,1.1819028854370117,0.5054336190223694,0.3291454017162323,0.3870064914226532,0.11940494179725647
87,shapenet/02691156/ea06bef342fbfd4236f3a2343a8221f2,49,shapenet/04379243/9fc9605f6ed5762553cc33364504d5,0,0.9484024047851562,0.9260908365249634,0.03732490912079811,0.27592793107032776,0.7141468524932861,0.09658390283584595
88,shapenet/04379243/4eb3c0cffaf389fac3bd24f986301745,91,shapenet/04379243/4eb3c0cffaf389fac3bd24f986301745,1,0.9881006479263306,0.4678950309753418,0.03300728276371956,0.4532264769077301,0.5407513380050659,0.08225744962692261
89,shapenet/04379243/4eb3c0cffaf389fac3bd24f986301745,40,shapenet/04379243/e94dcd39a8e438851b17743c18fb63dc,0,0.9930616617202759,1.6394776105880737,0.15835238993167877,0.33625295758247375,0.6268587112426758,0.07844128459692001
90,shapenet/04379243/4eb3c0cffaf389fac3bd24f986301745,37,shapenet/02691156/b7b657d7db3c3b8cd13ef00338ba8c52,0,0.7223583459854126,2.6657183170318604,0.551182210445404,0.29140299558639526,0.46754205226898193,0.1561432033777237
91,shapenet/04379243/4eb3c0cffaf389fac3bd24f986301745,88,shapenet/04379243/4eb3c0cffaf389fac3bd24f986301745,1,0.9881006479263306,0.4678950309753418,0.02654709480702877,0.3780897855758667,0.6156535148620605,0.0773862898349762
92,shapenet/04379243/eafa1680912b4ee3391e4d6c585a697a,26,shapenet/04379243/a96c429fad0af4c6bd1cdc725a461877,0,0.9593478441238403,0.4916764199733734,0.14739689230918884,0.5651874542236328,0.4192392826080322,0.13169017434120178
93,shapenet/04379243/eafa1680912b4ee3391e4d6c585a697a,79,shapenet/04379243/66a3fb3a480c2b9e7b22e9efea2f565,0,0.9562405943870544,2.2030811309814453,0.35432547330856323,0.026278894394636154,0.8838052153587341,0.13501985371112823
94,shapenet/04379243/eafa1680912b4ee3391e4d6c585a697a,35,shapenet/04401088/a1c60f087535c7726fde3adc6768fe52,0,0.9382721185684204,2.6537091732025146,0.5178813338279724,0.6706199049949646,0.29900437593460083,0.12618695199489594
95,shapenet/04379243/eafa1680912b4ee3391e4d6c585a697a,62,shapenet/04379243/1c2fb38795e6e3c858df8eeaf3dad1c,0,0.9512666463851929,1.354154348373413,0.20823270082473755,0.2165716290473938,0.7136317491531372,0.1332753598690033
96,shapenet/02691156/5e9129782c45b26992e39b8eae3e6b15,28,shapenet/02691156/f50eba69a3be1a1e536cfc00d8c31ac5,0,0.7704154253005981,1.7435051202774048,0.43728235363960266,0.31699439883232117,0.40512368083000183,0.0969608724117279
97,shapenet/02691156/5e9129782c45b26992e39b8eae3e6b15,19,shapenet/02691156/29b92db18649b64e959a8a7d5a8a5077,0,0.8923810124397278,1.1614047288894653,0.4949437975883484,0.23835411667823792,0.21895745396614075,0.11690326035022736
98,shapenet/02691156/5e9129782c45b26992e39b8eae3e6b15,7,shapenet/04379243/862cf2d35bd106c55230ba3c88b645e3,0,0.7903974652290344,1.9294826984405518,0.2733631730079651,0.3901606798171997,0.24889600276947021,0.11278920620679855
99,shapenet/02691156/5e9129782c45b26992e39b8eae3e6b15,6,shapenet/04379243/862cf2d35bd106c55230ba3c88b645e3,0,0.8459959030151367,1.3410298824310303,0.5344502329826355,0.07486637681722641,0.36469292640686035,0.09529180824756622
100,shapenet/04379243/2f5d2dfc1c8b75666c8f2acb6194d7e9,40,shapenet/04379243/e94dcd39a8e438851b17743c18fb63dc,0,0.9497971534729004,2.4725329875946045,0.46089595556259155,0.0383140929043293,0.823743462562561,0.1730206161737442
101,shapenet/04379243/2f5d2dfc1c8b75666c8f2acb6194d7e9,102,shapenet/04379243/2f5d2dfc1c8b75666c8f2acb6194d7e9,1,0.9836426377296448,0.08226374536752701,0.5627768039703369,0.9652755856513977,0.009415448643267155,0.09380821883678436
102,shapenet/04379243/2f5d2dfc1c8b75666c8f2acb6194d7e9,101,shapenet/04379243/2f5d2dfc1c8b75666c8f2acb6194d7e9,1,0.9836426377296448,0.08226374536752701,0.5507503151893616,0.9742903709411621,0.002942010760307312,0.09359651058912277
103,shapenet/04379243/2f5d2dfc1c8b75666c8f2acb6194d7e9,60,shapenet/04379243/1c2fb38795e6e3c858df8eeaf3dad1c,0,0.8736475110054016,1.7703384160995483,0.4609713852405548,0.7158374190330505,0.034723445773124695,0.13482241332530975
104,shapenet/04330267/54b9ac27f2bae92627a11dcb35000f7a,78,shapenet/04379243/66a3fb3a480c2b9e7b22e9efea2f565,0,0.9975545406341553,1.4619814157485962,0.0021852219942957163,0.10313666611909866,0.8960666060447693,0.00812014751136303
105,shapenet/04330267/54b9ac27f2bae92627a11dcb35000f7a,49,shapenet/04379243/9fc9605f6ed5762553cc33364504d5,0,0.9861721992492676,1.1875983476638794,0.07152026146650314,0.1425231248140335,0.8269250392913818,0.03127329796552658
106,shapenet/04330267/54b9ac27f2bae92627a11dcb35000f7a,52,shapenet/04379243/8e3bfa092e83c28d55f46d55537192b6,0,0.9277784824371338,1.091798186302185,0.1974838227033615,0.25145599246025085,0.6257346868515015,0.05596970021724701
107,shapenet/04330267/54b9ac27f2bae92627a11dcb35000f7a,105,shapenet/04330267/54b9ac27f2bae92627a11dcb35000f7a,1,0.9622137546539307,2.716452121734619,0.27945393323898315,0.3213079571723938,0.5724604725837708,0.12125265598297119
108,shapenet/02691156/1b90541c9d95d65d2b48e2e94b50fd01,79,shapenet/04379243/66a3fb3a480c2b9e7b22e9efea2f565,0,0.8567463755607605,1.3365628719329834,0.46978893876075745,0.1025749146938324,0.47045573592185974,0.08288834989070892
109,shapenet/02691156/1b90541c9d95d65d2b48e2e94b50fd01,112,shapenet/04256520/2314a3400230f50d14038d588fd1342f,0,0.8253408670425415,2.287299633026123,0.6059028506278992,0.21452239155769348,0.48184406757354736,0.08007501065731049
110,shapenet/02691156/1b90541c9d95d65d2b48e2e94b50fd01,113,shapenet/04256520/2314a3400230f50d14038d588fd1342f,0,0.7996793985366821,1.4582585096359253,0.5834436416625977,0.16471822559833527,0.18624654412269592,0.10680759698152542
111,shapenet/02691156/1b90541c9d95d65d2b48e2e94b50fd01,55,shapenet/04379243/8e3bfa092e83c28d55f46d55537192b6,0,0.9301230311393738,3.9835455417633057,0.47968724370002747,0.07636339217424393,0.7508292198181152,0.13309495151042938
112,shapenet/04256520/2314a3400230f50d14038d588fd1342f,9,shapenet/04330267/60727797b710f68659a84e2e2b7fb62,0,0.9038965106010437,2.377732038497925,0.28490009903907776,0.36855870485305786,0.19744373857975006,0.058486856520175934
113,shapenet/04256520/2314a3400230f50d14038d588fd1342f,114,shapenet/04256520/2314a3400230f50d14038d588fd1342f,1,0.8277893662452698,2.0151798725128174,0.4554688632488251,0.0961671993136406,0.41326233744621277,0.07143031060695648
114,shapenet/04256520/2314a3400230f50d14038d588fd1342f,117,shapenet/04379243/a4cd409ceb0aa148d93cf5f5bfd78ab4,0,0.8410819172859192,1.5676336288452148,0.3598363697528839,0.2451988011598587,0.03298778086900711,0.029797101393342018
115,shapenet/04256520/2314a3400230f50d14038d588fd1342f,99,shapenet/02691156/5e9129782c45b26992e39b8eae3e6b15,0,0.7548004388809204,1.7916874885559082,0.2654852569103241,0.20745861530303955,0.4214473366737366,0.06217113137245178
116,shapenet/04379243/a4cd409ceb0aa148d93cf5f5bfd78ab4,119,shapenet/04379243/a4cd409ceb0aa148d93cf5f5bfd78ab4,1,0.907696008682251,0.7552284002304077,0.23844338953495026,0.21883279085159302,0.5568419694900513,0.0869559496641159
117,shapenet/04379243/a4cd409ceb0aa148d93cf5f5bfd78ab4,114,shapenet/04256520/2314a3400230f50d14038d588fd1342f,0,0.8410819172859192,1.5676336288452148,0.15030024945735931,0.15602988004684448,0.24806660413742065,0.048145949840545654
118,shapenet/04379243/a4cd409ceb0aa148d93cf5f5bfd78ab4,105,shapenet/04330267/54b9ac27f2bae92627a11dcb35000f7a,0,0.9367405772209167,2.069988965988159,0.20923537015914917,0.2970409095287323,0.6373261213302612,0.10133755207061768
119,shapenet/04379243/a4cd409ceb0aa148d93cf5f5bfd78ab4,116,shapenet/04379243/a4cd409ceb0aa148d93cf5f5bfd78ab4,1,0.907696008682251,0.7552284002304077,0.22214683890342712,0.06172870472073555,0.6237493753433228,0.08823634684085846
